<?xml version="1.0" encoding="utf-8" standalone="yes"?>
<rss version="2.0" xmlns:atom="http://www.w3.org/2005/Atom">
  <channel>
    <title>Assignments on MIT OpenCourseWare</title>
    <link>/resources/assignments/</link>
    <description>Recent content in Assignments on MIT OpenCourseWare</description>
    <generator>Hugo</generator>
    <language>en-us</language>
    <atom:link href="/resources/assignments/index.xml" rel="self" type="application/rss+xml" />
    <item>
      <title>Assignments</title>
      <link>/pages/assignments/data.json</link>
      <pubDate>Mon, 01 Jan 0001 00:00:00 +0000</pubDate>
      <guid>/pages/assignments/data.json</guid>
      <description>&lt;p&gt;The homework exercises in the first three assignments are selected from Levin, David Asher, Y. Peres, and Elizabeth L. Wilmer. &lt;em&gt;Markov Chains and Mixing Times&lt;/em&gt;. American Mathematical Society, 2008. ISBN: 9780821847398. [Preview with &lt;a href=&#34;http://books.google.com/books?id=6Cg5Nq5sSv4C&amp;amp;pg=PAfrontcover&#34; target=&#34;_blank&#34; rel=&#34;noopener&#34;&gt;Google Books&lt;/a&gt;] Solutions courtesy of Cheng Mao. Used with permission.&lt;/p&gt;&#xA;&lt;p&gt;&lt;table&gt;&#xA;&#xA;&lt;thead&gt;&#xA;&#xA;&lt;tr&gt;&#xA;&#xA;&lt;th&gt;&#xA;&#xA;ASSIGNMENTS&#xA;&lt;/th&gt;&#xA;&#xA;&lt;th&gt;&#xA;&#xA;SOLUTIONS&#xA;&lt;/th&gt;&#xA;&lt;/p&gt;&#xA;&lt;/tr&gt;&#xA;&#xA;&lt;p&gt;&lt;/thead&gt;&#xA;&#xA;&lt;tr&gt;&#xA;&#xA;&lt;td&gt;&#xA;&lt;/p&gt;&#xA;&lt;ul&gt;&#xA;&lt;li&gt;Chapter 1. Exercises 1.2, 1.3, 1.4, 1.11.&lt;/li&gt;&#xA;&lt;li&gt;Chapter 2. Exercises 2.10.&lt;/li&gt;&#xA;&lt;/ul&gt;&#xA;&lt;p&gt;&lt;/td&gt;&#xA;&#xA;&lt;td&gt;&#xA;&#xA;&lt;a href=&#34;../../resources/mit18_445s15_homework1_sol/index.html&#34;&gt;Assignments 1 Solution (PDF)&lt;/a&gt;&#xA;&lt;/td&gt;&#xA;&lt;/p&gt;&#xA;&lt;p&gt;&lt;/tr&gt;&#xA;&#xA;&lt;tr&gt;&#xA;&#xA;&lt;td&gt;&#xA;&lt;/p&gt;&#xA;&lt;ul&gt;&#xA;&lt;li&gt;Chapter 4. Exercises 4.2, 4.3, 4.4.&lt;/li&gt;&#xA;&lt;li&gt;Chapter 5. Exercises 5.1, 5.3.&lt;/li&gt;&#xA;&lt;li&gt;Chapter 6. Exercises 6.2, 6.6.&lt;/li&gt;&#xA;&lt;li&gt;Chapter 7. Exercises 7.1, 7.2.&lt;/li&gt;&#xA;&lt;/ul&gt;&#xA;&lt;p&gt;&lt;/td&gt;&#xA;&#xA;&lt;td&gt;&#xA;&#xA;&lt;a href=&#34;../../resources/mit18_445s15_homework2_sol/index.html&#34;&gt;Assignments 2 Solution (PDF)&lt;/a&gt;&#xA;&lt;/td&gt;&#xA;&lt;/p&gt;</description>
    </item>
    <item>
      <title>Introduction to Stochastic Processes, Assignment 4</title>
      <link>/resources/mit18_445s15_homework4/data.json</link>
      <pubDate>Mon, 01 Jan 0001 00:00:00 +0000</pubDate>
      <guid>/resources/mit18_445s15_homework4/data.json</guid>
      <description>&lt;p&gt;This resource contains the information regarding Assignment 4.&lt;/p&gt;</description>
    </item>
    <item>
      <title>Introduction to Stochastic Processes, Assignment 5</title>
      <link>/resources/mit18_445s15_homework5/data.json</link>
      <pubDate>Mon, 01 Jan 0001 00:00:00 +0000</pubDate>
      <guid>/resources/mit18_445s15_homework5/data.json</guid>
      <description>&lt;p&gt;This resource contains the information regarding Assignment 5.&lt;/p&gt;</description>
    </item>
    <item>
      <title>Introduction to Stochastic Processes, Solution 1</title>
      <link>/resources/mit18_445s15_homework1_sol/data.json</link>
      <pubDate>Mon, 01 Jan 0001 00:00:00 +0000</pubDate>
      <guid>/resources/mit18_445s15_homework1_sol/data.json</guid>
      <description>&lt;p&gt;This resource contains the information regarding Solution 1.&lt;/p&gt;</description>
    </item>
    <item>
      <title>Introduction to Stochastic Processes, Solution 2</title>
      <link>/resources/mit18_445s15_homework2_sol/data.json</link>
      <pubDate>Mon, 01 Jan 0001 00:00:00 +0000</pubDate>
      <guid>/resources/mit18_445s15_homework2_sol/data.json</guid>
      <description>&lt;p&gt;This resource contains the information regarding Solution 2.&lt;/p&gt;</description>
    </item>
    <item>
      <title>Introduction to Stochastic Processes, Solution 3</title>
      <link>/resources/mit18_445s15_homework3_sol/data.json</link>
      <pubDate>Mon, 01 Jan 0001 00:00:00 +0000</pubDate>
      <guid>/resources/mit18_445s15_homework3_sol/data.json</guid>
      <description>&lt;p&gt;This resource contains the information regarding Solution 3.&lt;/p&gt;</description>
    </item>
    <item>
      <title>Introduction to Stochastic Processes, Solution 4</title>
      <link>/resources/mit18_445s15_homework4_sol/data.json</link>
      <pubDate>Mon, 01 Jan 0001 00:00:00 +0000</pubDate>
      <guid>/resources/mit18_445s15_homework4_sol/data.json</guid>
      <description>&lt;p&gt;This resource contains the information regarding Solution 4.&lt;/p&gt;</description>
    </item>
    <item>
      <title>Introduction to Stochastic Processes, Solution 5</title>
      <link>/resources/mit18_445s15_homework5_sol/data.json</link>
      <pubDate>Mon, 01 Jan 0001 00:00:00 +0000</pubDate>
      <guid>/resources/mit18_445s15_homework5_sol/data.json</guid>
      <description>&lt;p&gt;This resource contains the information regarding Solution 5.&lt;/p&gt;</description>
    </item>
  </channel>
</rss>
