{"01eb8f31-f3e7-2b45-3288-7f64419f2267":"/resources/mit18_445s15_lecture13/data.json","02c81e4f-e01f-0d97-bb64-4c2d407d1a46":"/resources/mit18_445s15_lecture9/data.json","06c09371-501e-b1d7-dd4c-7c72c74cef5b":"/resources/mit18_445s15_lecture20/data.json","0da3dbb5-cc20-3e94-6b38-eb249eb9e499":"/resources/mit18_445s15_lecture24/data.json","169ab5a5-e82c-f68a-cb9a-e4631e55ab24":"/resources/mit18_445s15_homework1_sol/data.json","1c4e0f0b-f28f-0ec9-f0fd-6bc8f7b896f1":"/resources/mit18_445s15_lecture10/data.json","245cbb88-8867-2b1b-902c-308fd6e2468f":"/resources/mit18_445s15_lecture21/data.json","27aaeb9e-b9a9-cecc-e93d-9ad74413ddf5":"/resources/mit18_445s15_lecture19/data.json","2a24993a-1fb3-a79f-50e1-20704cd64079":"/pages/calendar/data.json","2edaa854-2469-ce69-2226-813a8bd1ec88":"/resources/mit18_445s15_lecture2/data.json","365d85ac-35a7-c006-bc33-dd03da633997":"/resources/mit18_445s15_lecture1/data.json","367ae61a-917e-4bd3-3bc0-0f7d95d613b4":"/resources/mit18_445s15_lecture23/data.json","3ecf36cb-adc9-1011-ecbf-3198af5cbe20":"/resources/18-445s15-th/data.json","4c04ce9f-1bb7-6092-92aa-a5818ff8d1bc":"/resources/18-445s15/data.json","4cd95574-478d-71c3-e3dd-71cb168623ee":"/pages/lecture-notes/data.json","5bd4774f-613a-a28b-d111-c36f3a3beeed":"/resources/mit18_445s15_lecture4/data.json","5fe91450-62f4-c67f-4f67-5b6e18bc2065":"/resources/mit18_445s15_lecture17/data.json","6d12d4c8-d7f3-c910-e6b0-902dbaf528a8":"/resources/mit18_445s15_homework4_sol/data.json","77a58fd7-7428-eca6-2500-d70dc2c1b3a9":"/pages/assignments/data.json","7e370f07-bfe2-9064-874a-1552bcad8217":"/pages/syllabus/data.json","8bd5cba3-9565-4cbd-0a9e-a71c1f342aa0":"/resources/mit18_445s15_lecture7/data.json","a6a0bbc7-3826-6b41-90bf-9765776f03b9":"/resources/mit18_445s15_lecture5/data.json","a97d99f6-ba0f-ff4c-07e2-b14f0e1e54ef":"/resources/mit18_445s15_almost_sure/data.json","a99ce697-d076-0883-0017-f4367535ab94":"/resources/mit18_445s15_homework4/data.json","b47415dd-7974-0b66-abee-d971a5968eda":"/resources/mit18_445s15_lecture12/data.json","bc4e626f-edc9-aa9b-b62c-96e80fbd6ac0":"/resources/mit18_445s15_lecture8/data.json","bc936647-029c-547c-8be2-bcc47f7394de":"/resources/mit18_445s15_homework3_sol/data.json","bf131eea-46fd-ddde-a9b3-ff0b34a7ad26":"/resources/mit18_445s15_homework2_sol/data.json","c6f2ad74-afb7-a27a-6bfb-b7984bf3e062":"/resources/mit18_445s15_lecture3/data.json","ddeda684-b0dd-6a14-2241-8c7eca3ce843":"/resources/mit18_445s15_lecture16/data.json","e131f4c5-16e7-f67a-e274-87d6a80f41d0":"/resources/mit18_445s15_lecture18/data.json","e5bd55b2-221c-5d2c-5047-bf8a96981e7c":"/resources/mit18_445s15_homework5/data.json","ea46d3e4-323b-91db-3e8d-f873614e207b":"/resources/mit18_445s15_lecture6/data.json","f305e582-897c-6eab-6596-526d8e16e0b3":"/resources/mit18_445s15_homework5_sol/data.json","f6b1c125-c2b4-7192-8e96-0a1d2c8ea6b5":"/resources/mit18_445s15_lecture22/data.json","fb97374d-ed39-d0e4-a004-7564af28dc93":"/resources/mit18_445s15_lecture15/data.json","fe958a5a-aa0c-2b22-8436-3a8f60db85a6":"/resources/mit18_445s15_lecture11/data.json"}