{
  "course_title":"Introduction to Stochastic Processes",
  "course_description":"This course is an introduction to Markov chains, random walks, martingales, and Galton-Watsom tree. The course requires basic knowledge in probability theory and linear algebra including conditional expectation and matrix.\n",
  "course_description_html":"This course is an introduction to Markov chains, random walks, martingales, and Galton-Watsom tree. The course requires basic knowledge in probability theory and linear algebra including conditional expectation and matrix.",
  "site_uid":"ace34277-f7e9-4dfb-b8e5-04e484544702",
  "legacy_uid":"8beea389-cc91-c984-3d78-b4bcc3a6966e","instructors": [{
    "first_name":"Hao",
    "last_name":"Wu",
    "middle_initial":"",
    "salutation":"Dr.",
    "title":"Dr. Hao Wu"}],"department_numbers":["18"],
  "learning_resource_types":["Lecture Notes","Problem Sets with Solutions"],
  "topics":[["Mathematics","Probability and Statistics"]],
  "mit_learn_topics":null,
  "primary_course_number":"18.445",
  "extra_course_numbers":"",
  "term":"Spring",
  "year":"2015",
  "level":["Graduate"],
  "hide_download":null,
  "image_src":"./static_resources/4c04ce9f1bb7609292aaa5818ff8d1bc_18-445s15.jpg",
  "course_image_metadata":{"content_type":"resource","description":"Galton-Watson tree is a branching stochastic process arising from Fracis Galton's statistical investigation of the extinction of family names. The process models family names. Each vertex has a random number of offsprings. The figure shows the first four generations of a possible Galton-Watson tree. Image by Dr. Hao Wu.","draft":false,"file":"/courses/18-445-introduction-to-stochastic-processes-spring-2015/4c04ce9f1bb7609292aaa5818ff8d1bc_18-445s15.jpg","file_size":17464,"file_type":"image/jpeg","image_metadata":{"caption":"Galton-Watson tree is a branching stochastic process arising from Fracis Galton's statistical investigation of the extinction of family names. The process models family names. Each vertex has a random number of offsprings. The figure shows the first four generations of a possible Galton-Watson tree. (Image by Dr. Hao Wu.)","credit":"Image by Dr. Hao Wu.","image-alt":"A branching Galton-Watson tree."},"iscjklanguage":false,"learning_resource_types":[],"license":"https://creativecommons.org/licenses/by-nc-sa/4.0/","ocw_type":"OCWImage","resourcetype":"Image","title":"18-445s15.jpg","uid":"4c04ce9f-1bb7-6092-92aa-a5818ff8d1bc"}}

