<?xml version="1.0" encoding="utf-8" standalone="yes"?>
<rss version="2.0" xmlns:atom="http://www.w3.org/2005/Atom">
  <channel>
    <title>Lecture Notes on MIT OpenCourseWare</title>
    <link>/resources/lecture-notes/</link>
    <description>Recent content in Lecture Notes on MIT OpenCourseWare</description>
    <generator>Hugo</generator>
    <language>en-us</language>
    <atom:link href="/resources/lecture-notes/index.xml" rel="self" type="application/rss+xml" />
    <item>
      <title>18.445 Introduction to Stochastic Processes, Lecture 1</title>
      <link>/resources/mit18_445s15_lecture1/data.json</link>
      <pubDate>Mon, 01 Jan 0001 00:00:00 +0000</pubDate>
      <guid>/resources/mit18_445s15_lecture1/data.json</guid>
      <description>&lt;p&gt;This file contains information regarding introduction to finite markov chains.&lt;/p&gt;</description>
    </item>
    <item>
      <title>18.445 Introduction to Stochastic Processes, Lecture 10</title>
      <link>/resources/mit18_445s15_lecture10/data.json</link>
      <pubDate>Mon, 01 Jan 0001 00:00:00 +0000</pubDate>
      <guid>/resources/mit18_445s15_lecture10/data.json</guid>
      <description>&lt;p&gt;This file contains information regarding hitting times.&lt;/p&gt;</description>
    </item>
    <item>
      <title>18.445 Introduction to Stochastic Processes, Lecture 11</title>
      <link>/resources/mit18_445s15_lecture11/data.json</link>
      <pubDate>Mon, 01 Jan 0001 00:00:00 +0000</pubDate>
      <guid>/resources/mit18_445s15_lecture11/data.json</guid>
      <description>&lt;p&gt;This file contains information regarding summary on random walk on networks.&lt;/p&gt;</description>
    </item>
    <item>
      <title>18.445 Introduction to Stochastic Processes, Lecture 12</title>
      <link>/resources/mit18_445s15_lecture12/data.json</link>
      <pubDate>Mon, 01 Jan 0001 00:00:00 +0000</pubDate>
      <guid>/resources/mit18_445s15_lecture12/data.json</guid>
      <description>&lt;p&gt;This file contains information regarding countable state space chain 1.&lt;/p&gt;</description>
    </item>
    <item>
      <title>18.445 Introduction to Stochastic Processes, Lecture 13</title>
      <link>/resources/mit18_445s15_lecture13/data.json</link>
      <pubDate>Mon, 01 Jan 0001 00:00:00 +0000</pubDate>
      <guid>/resources/mit18_445s15_lecture13/data.json</guid>
      <description>&lt;p&gt;This file contains information regarding countable state space chain 2.&lt;/p&gt;</description>
    </item>
    <item>
      <title>18.445 Introduction to Stochastic Processes, Lecture 15</title>
      <link>/resources/mit18_445s15_lecture15/data.json</link>
      <pubDate>Mon, 01 Jan 0001 00:00:00 +0000</pubDate>
      <guid>/resources/mit18_445s15_lecture15/data.json</guid>
      <description>&lt;p&gt;This file contains information regarding conditional expectation and introduction to martingales.&lt;/p&gt;</description>
    </item>
    <item>
      <title>18.445 Introduction to Stochastic Processes, Lecture 16</title>
      <link>/resources/mit18_445s15_lecture16/data.json</link>
      <pubDate>Mon, 01 Jan 0001 00:00:00 +0000</pubDate>
      <guid>/resources/mit18_445s15_lecture16/data.json</guid>
      <description>&lt;p&gt;This file contains information regarding martingales: optional stopping theorem.&lt;/p&gt;</description>
    </item>
    <item>
      <title>18.445 Introduction to Stochastic Processes, Lecture 17</title>
      <link>/resources/mit18_445s15_lecture17/data.json</link>
      <pubDate>Mon, 01 Jan 0001 00:00:00 +0000</pubDate>
      <guid>/resources/mit18_445s15_lecture17/data.json</guid>
      <description>&lt;p&gt;This file contains information regarding martingales: convergence.&lt;/p&gt;</description>
    </item>
    <item>
      <title>18.445 Introduction to Stochastic Processes, Lecture 18</title>
      <link>/resources/mit18_445s15_lecture18/data.json</link>
      <pubDate>Mon, 01 Jan 0001 00:00:00 +0000</pubDate>
      <guid>/resources/mit18_445s15_lecture18/data.json</guid>
      <description>&lt;p&gt;This file contains information regarding martingales: uniformly integrable.&lt;/p&gt;</description>
    </item>
    <item>
      <title>18.445 Introduction to Stochastic Processes, Lecture 19</title>
      <link>/resources/mit18_445s15_lecture19/data.json</link>
      <pubDate>Mon, 01 Jan 0001 00:00:00 +0000</pubDate>
      <guid>/resources/mit18_445s15_lecture19/data.json</guid>
      <description>&lt;p&gt;This file contains information regarding Galton-Watson tree.&lt;/p&gt;</description>
    </item>
    <item>
      <title>18.445 Introduction to Stochastic Processes, Lecture 2</title>
      <link>/resources/mit18_445s15_lecture2/data.json</link>
      <pubDate>Mon, 01 Jan 0001 00:00:00 +0000</pubDate>
      <guid>/resources/mit18_445s15_lecture2/data.json</guid>
      <description>&lt;p&gt;This file contains information regarding markov chains: stationary distribution.&lt;/p&gt;</description>
    </item>
    <item>
      <title>18.445 Introduction to Stochastic Processes, Lecture 20</title>
      <link>/resources/mit18_445s15_lecture20/data.json</link>
      <pubDate>Mon, 01 Jan 0001 00:00:00 +0000</pubDate>
      <guid>/resources/mit18_445s15_lecture20/data.json</guid>
      <description>&lt;p&gt;This file contains information regarding poisson process.&lt;/p&gt;</description>
    </item>
    <item>
      <title>18.445 Introduction to Stochastic Processes, Lecture 21</title>
      <link>/resources/mit18_445s15_lecture21/data.json</link>
      <pubDate>Mon, 01 Jan 0001 00:00:00 +0000</pubDate>
      <guid>/resources/mit18_445s15_lecture21/data.json</guid>
      <description>&lt;p&gt;This file contains information regarding continuous time markov chain.&lt;/p&gt;</description>
    </item>
    <item>
      <title>18.445 Introduction to Stochastic Processes, Lecture 22</title>
      <link>/resources/mit18_445s15_lecture22/data.json</link>
      <pubDate>Mon, 01 Jan 0001 00:00:00 +0000</pubDate>
      <guid>/resources/mit18_445s15_lecture22/data.json</guid>
      <description>&lt;p&gt;This file contains information regarding infinitesimal generator.&lt;/p&gt;</description>
    </item>
    <item>
      <title>18.445 Introduction to Stochastic Processes, Lecture 23</title>
      <link>/resources/mit18_445s15_lecture23/data.json</link>
      <pubDate>Mon, 01 Jan 0001 00:00:00 +0000</pubDate>
      <guid>/resources/mit18_445s15_lecture23/data.json</guid>
      <description>&lt;p&gt;This file contains information regarding irreducible and recurrence.&lt;/p&gt;</description>
    </item>
    <item>
      <title>18.445 Introduction to Stochastic Processes, Lecture 24</title>
      <link>/resources/mit18_445s15_lecture24/data.json</link>
      <pubDate>Mon, 01 Jan 0001 00:00:00 +0000</pubDate>
      <guid>/resources/mit18_445s15_lecture24/data.json</guid>
      <description>&lt;p&gt;This file contains information regarding stationary distribution.&lt;/p&gt;</description>
    </item>
    <item>
      <title>18.445 Introduction to Stochastic Processes, Lecture 3</title>
      <link>/resources/mit18_445s15_lecture3/data.json</link>
      <pubDate>Mon, 01 Jan 0001 00:00:00 +0000</pubDate>
      <guid>/resources/mit18_445s15_lecture3/data.json</guid>
      <description>&lt;p&gt;This file contains information regarding markov chains: time-reversal.&lt;/p&gt;</description>
    </item>
    <item>
      <title>18.445 Introduction to Stochastic Processes, Lecture 4</title>
      <link>/resources/mit18_445s15_lecture4/data.json</link>
      <pubDate>Mon, 01 Jan 0001 00:00:00 +0000</pubDate>
      <guid>/resources/mit18_445s15_lecture4/data.json</guid>
      <description>&lt;p&gt;This file contains information regarding introduction to markov chain mixing.&lt;/p&gt;</description>
    </item>
    <item>
      <title>18.445 Introduction to Stochastic Processes, Lecture 5</title>
      <link>/resources/mit18_445s15_lecture5/data.json</link>
      <pubDate>Mon, 01 Jan 0001 00:00:00 +0000</pubDate>
      <guid>/resources/mit18_445s15_lecture5/data.json</guid>
      <description>&lt;p&gt;This file contains information regarding stationary times.&lt;/p&gt;</description>
    </item>
    <item>
      <title>18.445 Introduction to Stochastic Processes, Lecture 6</title>
      <link>/resources/mit18_445s15_lecture6/data.json</link>
      <pubDate>Mon, 01 Jan 0001 00:00:00 +0000</pubDate>
      <guid>/resources/mit18_445s15_lecture6/data.json</guid>
      <description>&lt;p&gt;This file contains information regarding lower bounds on mixing times.&lt;/p&gt;</description>
    </item>
    <item>
      <title>18.445 Introduction to Stochastic Processes, Lecture 7</title>
      <link>/resources/mit18_445s15_lecture7/data.json</link>
      <pubDate>Mon, 01 Jan 0001 00:00:00 +0000</pubDate>
      <guid>/resources/mit18_445s15_lecture7/data.json</guid>
      <description>&lt;p&gt;This file contains information regarding summary on mixing times.&lt;/p&gt;</description>
    </item>
    <item>
      <title>18.445 Introduction to Stochastic Processes, Lecture 8</title>
      <link>/resources/mit18_445s15_lecture8/data.json</link>
      <pubDate>Mon, 01 Jan 0001 00:00:00 +0000</pubDate>
      <guid>/resources/mit18_445s15_lecture8/data.json</guid>
      <description>&lt;p&gt;This file contains information regarding random walk on networks 1.&lt;/p&gt;</description>
    </item>
    <item>
      <title>18.445 Introduction to Stochastic Processes, Lecture 9</title>
      <link>/resources/mit18_445s15_lecture9/data.json</link>
      <pubDate>Mon, 01 Jan 0001 00:00:00 +0000</pubDate>
      <guid>/resources/mit18_445s15_lecture9/data.json</guid>
      <description>&lt;p&gt;This file contains information regarding random walk on networks 2.&lt;/p&gt;</description>
    </item>
    <item>
      <title>Almost Sure Convergence</title>
      <link>/resources/mit18_445s15_almost_sure/data.json</link>
      <pubDate>Mon, 01 Jan 0001 00:00:00 +0000</pubDate>
      <guid>/resources/mit18_445s15_almost_sure/data.json</guid>
      <description>&lt;p&gt;This file contains information regarding almost sure convergence.&lt;/p&gt;</description>
    </item>
    <item>
      <title>Lecture Notes</title>
      <link>/pages/lecture-notes/data.json</link>
      <pubDate>Mon, 01 Jan 0001 00:00:00 +0000</pubDate>
      <guid>/pages/lecture-notes/data.json</guid>
      <description>&lt;p&gt;&lt;table&gt;&#xA;&#xA;&lt;thead&gt;&#xA;&#xA;&lt;tr&gt;&#xA;&#xA;&lt;th&gt;&#xA;&#xA;SES #&#xA;&lt;/th&gt;&#xA;&#xA;&lt;th&gt;&#xA;&#xA;TOPICS&#xA;&lt;/th&gt;&#xA;&lt;/p&gt;&#xA;&lt;/tr&gt;&#xA;&#xA;&lt;p&gt;&lt;/thead&gt;&#xA;&#xA;&lt;tr&gt;&#xA;&#xA;&lt;td&gt;&#xA;&#xA;1&#xA;&lt;/td&gt;&#xA;&#xA;&lt;td&gt;&#xA;&#xA;&lt;a href=&#34;../../resources/mit18_445s15_lecture1/index.html&#34;&gt;Introduction to Finite Markov Chains (PDF)&lt;/a&gt;&#xA;&lt;/td&gt;&#xA;&lt;/p&gt;&#xA;&lt;p&gt;&lt;/tr&gt;&#xA;&#xA;&lt;tr&gt;&#xA;&#xA;&lt;td&gt;&#xA;&#xA;2&#xA;&lt;/td&gt;&#xA;&#xA;&lt;td&gt;&#xA;&#xA;&lt;a href=&#34;../../resources/mit18_445s15_lecture2/index.html&#34;&gt;Markov Chains: Stationary Distribution (PDF)&lt;/a&gt;&#xA;&lt;/td&gt;&#xA;&lt;/p&gt;&#xA;&lt;p&gt;&lt;/tr&gt;&#xA;&#xA;&lt;tr&gt;&#xA;&#xA;&lt;td&gt;&#xA;&#xA;3&#xA;&lt;/td&gt;&#xA;&#xA;&lt;td&gt;&#xA;&#xA;&lt;a href=&#34;../../resources/mit18_445s15_lecture3/index.html&#34;&gt;Markov Chains: Time-reversal (PDF)&lt;/a&gt;&#xA;&lt;/td&gt;&#xA;&lt;/p&gt;&#xA;&lt;p&gt;&lt;/tr&gt;&#xA;&#xA;&lt;tr&gt;&#xA;&#xA;&lt;td&gt;&#xA;&#xA;4&#xA;&lt;/td&gt;&#xA;&#xA;&lt;td&gt;&#xA;&#xA;&lt;a href=&#34;../../resources/mit18_445s15_lecture4/index.html&#34;&gt;Introduction to Markov Chain Mixing (PDF)&lt;/a&gt;&#xA;&lt;/td&gt;&#xA;&lt;/p&gt;&#xA;&lt;p&gt;&lt;/tr&gt;&#xA;&#xA;&lt;tr&gt;&#xA;&#xA;&lt;td&gt;&#xA;&#xA;5&#xA;&lt;/td&gt;&#xA;&#xA;&lt;td&gt;&#xA;&#xA;&lt;a href=&#34;../../resources/mit18_445s15_lecture5/index.html&#34;&gt;Stationary Times (PDF)&lt;/a&gt;&#xA;&lt;/td&gt;&#xA;&lt;/p&gt;&#xA;&lt;p&gt;&lt;/tr&gt;&#xA;&#xA;&lt;tr&gt;&#xA;&#xA;&lt;td&gt;&#xA;&#xA;6&#xA;&lt;/td&gt;&#xA;&#xA;&lt;td&gt;&#xA;&#xA;&lt;a href=&#34;../../resources/mit18_445s15_lecture6/index.html&#34;&gt;Lower Bounds on Mixing Times (PDF)&lt;/a&gt;&#xA;&lt;/td&gt;&#xA;&lt;/p&gt;&#xA;&lt;p&gt;&lt;/tr&gt;&#xA;&#xA;&lt;tr&gt;&#xA;&#xA;&lt;td&gt;&#xA;&#xA;7&#xA;&lt;/td&gt;&#xA;&#xA;&lt;td&gt;&#xA;&#xA;&lt;a href=&#34;../../resources/mit18_445s15_lecture7/index.html&#34;&gt;Summary on Mixing Times (PDF)&lt;/a&gt;&#xA;&lt;/td&gt;&#xA;&lt;/p&gt;&#xA;&lt;p&gt;&lt;/tr&gt;&#xA;&#xA;&lt;tr&gt;&#xA;&#xA;&lt;td&gt;&#xA;&#xA;8&#xA;&lt;/td&gt;&#xA;&#xA;&lt;td&gt;&#xA;&#xA;&lt;a href=&#34;../../resources/mit18_445s15_lecture8/index.html&#34;&gt;Random Walk on Networks 1 (PDF)&lt;/a&gt;&#xA;&lt;/td&gt;&#xA;&lt;/p&gt;&#xA;&lt;p&gt;&lt;/tr&gt;&#xA;&#xA;&lt;tr&gt;&#xA;&#xA;&lt;td&gt;&#xA;&#xA;9&#xA;&lt;/td&gt;&#xA;&#xA;&lt;td&gt;&#xA;&#xA;&lt;a href=&#34;../../resources/mit18_445s15_lecture9/index.html&#34;&gt;Random Walk on Networks 2 (PDF)&lt;/a&gt;&#xA;&lt;/td&gt;&#xA;&lt;/p&gt;&#xA;&lt;p&gt;&lt;/tr&gt;&#xA;&#xA;&lt;tr&gt;&#xA;&#xA;&lt;td&gt;&#xA;&#xA;10&#xA;&lt;/td&gt;&#xA;&#xA;&lt;td&gt;&#xA;&#xA;&lt;a href=&#34;../../resources/mit18_445s15_lecture10/index.html&#34;&gt;Hitting Times (PDF)&lt;/a&gt;&#xA;&lt;/td&gt;&#xA;&lt;/p&gt;&#xA;&lt;p&gt;&lt;/tr&gt;&#xA;&#xA;&lt;tr&gt;&#xA;&#xA;&lt;td&gt;&#xA;&#xA;11&#xA;&lt;/td&gt;&#xA;&#xA;&lt;td&gt;&#xA;&#xA;&lt;a href=&#34;../../resources/mit18_445s15_lecture11/index.html&#34;&gt;Summary on Random Walk on Networks (PDF)&lt;/a&gt;&#xA;&lt;/td&gt;&#xA;&lt;/p&gt;</description>
    </item>
  </channel>
</rss>
