{
  "title":"18-445s15.jpg",
  "description": "Galton-Watson tree is a branching stochastic process arising from Fracis Galton's statistical investigation of the extinction of family names. The process models family names. Each vertex has a random number of offsprings. The figure shows the first four generations of a possible Galton-Watson tree. Image by Dr. Hao Wu.",
  "file": "/courses/18-445-introduction-to-stochastic-processes-spring-2015/4c04ce9f1bb7609292aaa5818ff8d1bc_18-445s15.jpg",
  "learning_resource_types": [],
  "resource_type": "Image",
  "file_type": "image/jpeg",
  "image_metadata": {"caption":"Galton-Watson tree is a branching stochastic process arising from Fracis Galton's statistical investigation of the extinction of family names. The process models family names. Each vertex has a random number of offsprings. The figure shows the first four generations of a possible Galton-Watson tree. (Image by Dr. Hao Wu.)","credit":"Image by Dr. Hao Wu.","image-alt":"A branching Galton-Watson tree."}}
